Customer_ID,Age,Gender,Nationality_Type,Loyalty_Member
CUST0001,23.0,Male,Expat,Yes
CUST0002,34.0,Male,Expat,No
CUST0003,27.0,Female,Expat,Yes
CUST0004,27.0,Female,Expat,No
CUST0005,38.0,Male,Expat,Yes
CUST0006,19.0,Female,Expat,Yes
CUST0007,26.0,Female,Expat,No
CUST0008,36.0,Female,Expat,Yes
CUST0009,27.0,Female,Expat,Yes
CUST0010,39.0,Male,Expat,No
CUST0011,27.0,Male,Expat,No
CUST0012,31.0,Male,Expat,No
CUST0013,54.0,Female,Expat,Yes
CUST0014,41.0,Male,UAE National,No
CUST0015,33.0,Male,UAE National,No
CUST0016,39.0,Male,Expat,Yes
CUST0017,23.0,Male,Expat,Yes
CUST0018,19.0,Male,Expat,Yes
CUST0019,22.0,Male,Expat,No
CUST0020,33.0,Female,Expat,No
CUST0021,36.0,Female,Expat,No
CUST0022,39.0,Male,Expat,Yes
CUST0023,19.0,Female,Expat,Yes
CUST0024,40.0,Female,Expat,Yes
CUST0025,38.0,Female,Expat,No
CUST0026,34.0,Male,Expat,No
CUST0027,,Male,Expat,No
CUST0028,58.0,Male,Expat,No
CUST0029,24.0,Male,Expat,Yes
CUST0030,20.0,Male,Expat,No
CUST0031,40.0,Female,UAE National,Yes
CUST0032,25.0,Female,Expat,Yes
CUST0033,37.0,Female,Expat,Yes
CUST0034,36.0,Male,UAE National,No
CUST0035,41.0,Female,Expat,Yes
CUST0036,42.0,Male,UAE National,No
CUST0037,33.0,Male,Expat,Yes
CUST0038,42.0,Male,Expat,No
CUST0039,29.0,Male,Expat,No
CUST0040,28.0,Male,Expat,Yes
CUST0041,29.0,Male,UAE National,Yes
CUST0042,24.0,Female,Expat,No
CUST0043,43.0,Female,UAE National,Yes
CUST0044,23.0,Male,Expat,Yes
CUST0045,24.0,Female,Expat,No
CUST0046,35.0,Male,Expat,Yes
CUST0047,,Male,Expat,No
CUST0048,29.0,Female,UAE National,Yes
CUST0049,25.0,Female,Expat,No
CUST0050,38.0,Female,Expat,No
CUST0051,24.0,Male,Expat,No
CUST0052,32.0,Male,Expat,Yes
CUST0053,45.0,Female,Expat,Yes
CUST0054,38.0,Male,Expat,Yes
CUST0055,36.0,Male,Expat,Yes
CUST0056,24.0,Male,UAE National,Yes
CUST0057,29.0,Male,Expat,No
CUST0058,36.0,Male,Expat,No
CUST0059,29.0,Female,Expat,No
CUST0060,30.0,Male,UAE National,No
CUST0061,42.0,Male,Expat,No
CUST0062,25.0,Male,UAE National,No
CUST0063,33.0,Male,Expat,Yes
CUST0064,38.0,Female,Expat,No
CUST0065,33.0,Female,Expat,No
CUST0066,22.0,Male,Expat,Yes
CUST0067,25.0,Male,Expat,No
CUST0068,22.0,Male,Expat,No
CUST0069,25.0,Male,Expat,Yes
CUST0070,33.0,Female,Expat,Yes
CUST0071,39.0,Male,UAE National,No
CUST0072,30.0,Male,Expat,No
CUST0073,20.0,Female,Expat,No
CUST0074,31.0,Female,Expat,Yes
CUST0075,31.0,Female,Expat,No
CUST0076,37.0,Female,UAE National,No
CUST0077,40.0,Male,Expat,Yes
CUST0078,29.0,Female,Expat,No
CUST0079,37.0,Female,UAE National,Yes
CUST0080,,Female,Expat,No
CUST0081,46.0,Female,Expat,No
CUST0082,38.0,Male,UAE National,No
CUST0083,40.0,Male,Expat,Yes
CUST0084,34.0,Female,Expat,No
CUST0085,,Male,Expat,No
CUST0086,34.0,Male,Expat,No
CUST0087,33.0,Female,Expat,Yes
CUST0088,33.0,Male,Expat,Yes
CUST0089,31.0,Female,Expat,No
CUST0090,27.0,Female,Expat,No
CUST0091,24.0,Female,Expat,No
CUST0092,29.0,Male,Expat,Yes
CUST0093,51.0,Female,Expat,No
CUST0094,46.0,Male,Expat,No
CUST0095,40.0,Female,Expat,Yes
CUST0096,26.0,Male,Expat,Yes
CUST0097,25.0,Male,Expat,Yes
CUST0098,45.0,Female,Expat,Yes
CUST0099,39.0,Female,Expat,Yes
CUST0100,42.0,Female,UAE National,No
CUST0101,21.0,Male,Expat,Yes
CUST0102,46.0,Female,Expat,No
CUST0103,30.0,Female,Expat,Yes
CUST0104,46.0,Male,Expat,No
CUST0105,18.0,Male,Expat,No
CUST0106,21.0,Male,Expat,Yes
CUST0107,,Male,Expat,No
CUST0108,35.0,Male,Expat,Yes
CUST0109,39.0,Male,Expat,No
CUST0110,37.0,Female,Expat,No
CUST0111,33.0,Male,Expat,No
CUST0112,37.0,Male,Expat,Yes
CUST0113,32.0,Male,UAE National,No
CUST0114,28.0,Male,Expat,Yes
CUST0115,33.0,Female,Expat,Yes
CUST0116,27.0,Male,Expat,No
CUST0117,29.0,Male,Expat,No
CUST0118,26.0,Female,Expat,Yes
CUST0119,39.0,Female,Expat,No
CUST0120,18.0,Female,UAE National,No
CUST0121,22.0,Female,Expat,No
CUST0122,44.0,Female,UAE National,No
CUST0123,28.0,Female,Expat,No
CUST0124,27.0,Male,Expat,No
CUST0125,39.0,Female,Expat,Yes
CUST0126,29.0,Female,UAE National,No
CUST0127,27.0,Female,UAE National,No
CUST0128,18.0,Female,Expat,Yes
CUST0129,28.0,Female,Expat,No
CUST0130,26.0,Male,Expat,No
CUST0131,31.0,Male,Expat,No
CUST0132,36.0,Male,Expat,Yes
CUST0133,42.0,Male,Expat,No
CUST0134,36.0,Female,Expat,Yes
CUST0135,38.0,Female,Expat,No
CUST0136,41.0,Female,Expat,No
CUST0137,28.0,Male,UAE National,No
CUST0138,18.0,Female,Expat,No
CUST0139,44.0,Female,Expat,No
CUST0140,26.0,Female,Expat,Yes
CUST0141,31.0,Female,Expat,No
CUST0142,35.0,Male,Expat,Yes
CUST0143,32.0,Female,Expat,No
CUST0144,32.0,Male,Expat,No
CUST0145,39.0,Female,Expat,No
CUST0146,50.0,Female,UAE National,No
CUST0147,35.0,Male,Expat,No
CUST0148,31.0,Male,Expat,No
CUST0149,39.0,Female,Expat,Yes
CUST0150,40.0,Female,Expat,Yes
CUST0151,18.0,Female,UAE National,No
CUST0152,18.0,Male,Expat,No
CUST0153,34.0,Female,Expat,Yes
CUST0154,37.0,Female,UAE National,No
CUST0155,43.0,Female,UAE National,No
CUST0156,31.0,Male,Expat,No
CUST0157,29.0,Male,UAE National,Yes
CUST0158,34.0,Female,Expat,No
CUST0159,31.0,Male,Expat,No
CUST0160,31.0,Male,Expat,No
CUST0161,31.0,Male,Expat,No
CUST0162,44.0,Male,UAE National,No
CUST0163,34.0,Male,Expat,Yes
CUST0164,21.0,Male,Expat,No
CUST0165,36.0,Male,Expat,Yes
CUST0166,33.0,Female,Expat,No
CUST0167,48.0,Male,Expat,No
CUST0168,40.0,Male,Expat,No
CUST0169,33.0,Male,Expat,Yes
CUST0170,43.0,Male,Expat,Yes
CUST0171,39.0,Female,Expat,Yes
CUST0172,18.0,Female,Expat,No
CUST0173,43.0,Male,UAE National,Yes
CUST0174,28.0,Male,Expat,No
CUST0175,42.0,Female,UAE National,No
CUST0176,31.0,Male,Expat,Yes
CUST0177,38.0,Male,Expat,No
CUST0178,40.0,Female,Expat,Yes
CUST0179,20.0,Male,Expat,Yes
CUST0180,23.0,Female,Expat,Yes
CUST0181,,Female,UAE National,No
CUST0182,35.0,Male,Expat,Yes
CUST0183,25.0,Female,Expat,Yes
CUST0184,27.0,Female,Expat,No
CUST0185,32.0,Female,Expat,No
CUST0186,18.0,Female,Expat,No
CUST0187,38.0,Female,Expat,No
CUST0188,27.0,Female,Expat,Yes
CUST0189,50.0,Male,Expat,Yes
CUST0190,29.0,Male,Expat,No
CUST0191,38.0,Female,Expat,No
CUST0192,24.0,Female,Expat,No
CUST0193,44.0,Female,Expat,Yes
CUST0194,18.0,Female,Expat,Yes
CUST0195,23.0,Male,Expat,Yes
CUST0196,26.0,Female,Expat,No
CUST0197,40.0,Female,Expat,No
CUST0198,37.0,Female,Expat,No
CUST0199,28.0,Male,Expat,Yes
CUST0200,44.0,Female,Expat,Yes
CUST0201,18.0,Male,Expat,No
CUST0202,39.0,Female,Expat,Yes
CUST0203,28.0,Male,Expat,Yes
CUST0204,26.0,Male,Expat,Yes
CUST0205,18.0,Male,Expat,No
CUST0206,37.0,Female,Expat,Yes
CUST0207,33.0,Female,UAE National,Yes
CUST0208,34.0,Female,Expat,No
CUST0209,48.0,Female,UAE National,Yes
CUST0210,44.0,Female,Expat,Yes
CUST0211,34.0,Male,Expat,Yes
CUST0212,18.0,Male,Expat,No
CUST0213,22.0,Female,Expat,No
CUST0214,34.0,Female,Expat,Yes
CUST0215,27.0,Male,Expat,No
CUST0216,38.0,Female,Expat,No
CUST0217,18.0,Male,Expat,No
CUST0218,23.0,Male,Expat,No
CUST0219,33.0,Male,Expat,Yes
CUST0220,32.0,Male,Expat,No
CUST0221,31.0,Female,Expat,No
CUST0222,32.0,Male,Expat,Yes
CUST0223,36.0,Female,Expat,No
CUST0224,40.0,Female,Expat,No
CUST0225,29.0,Male,Expat,Yes
CUST0226,42.0,Female,Expat,Yes
CUST0227,19.0,Male,Expat,No
CUST0228,32.0,Male,Expat,No
CUST0229,24.0,Male,UAE National,No
CUST0230,34.0,Female,Expat,Yes
CUST0231,36.0,Male,Expat,No
CUST0232,41.0,Female,UAE National,No
CUST0233,23.0,Male,Expat,No
CUST0234,25.0,Female,Expat,No
CUST0235,29.0,Female,Expat,No
CUST0236,38.0,Female,Expat,No
CUST0237,42.0,Male,Expat,Yes
CUST0238,28.0,Male,Expat,No
CUST0239,43.0,Male,Expat,No
CUST0240,40.0,Female,Expat,Yes
CUST0241,33.0,Male,Expat,No
CUST0242,38.0,Male,Expat,No
CUST0243,33.0,Female,Expat,No
CUST0244,53.0,Female,Expat,No
CUST0245,46.0,Male,UAE National,No
CUST0246,36.0,Female,Expat,Yes
CUST0247,21.0,Female,Expat,No
CUST0248,47.0,Male,UAE National,No
CUST0249,52.0,Male,Expat,Yes
CUST0250,36.0,Male,Expat,Yes
CUST0251,38.0,Female,Expat,No
CUST0252,18.0,Male,Expat,Yes
CUST0253,19.0,Female,Expat,No
CUST0254,29.0,Female,Expat,Yes
CUST0255,38.0,Female,Expat,Yes
CUST0256,30.0,Female,Expat,No
CUST0257,23.0,Female,Expat,No
CUST0258,36.0,Male,Expat,No
CUST0259,32.0,Female,Expat,No
CUST0260,33.0,Male,Expat,No
CUST0261,31.0,Male,Expat,Yes
CUST0262,33.0,Female,Expat,No
CUST0263,43.0,Male,Expat,No
CUST0264,18.0,Female,Expat,No
CUST0265,34.0,Male,Expat,No
CUST0266,29.0,Female,Expat,Yes
CUST0267,29.0,Female,Expat,Yes
CUST0268,31.0,Female,Expat,No
CUST0269,26.0,Female,Expat,No
CUST0270,26.0,Male,Expat,Yes
CUST0271,36.0,Female,Expat,Yes
CUST0272,23.0,Female,Expat,Yes
CUST0273,33.0,Female,Expat,Yes
CUST0274,34.0,Male,Expat,Yes
CUST0275,18.0,Female,Expat,No
CUST0276,46.0,Male,Expat,Yes
CUST0277,42.0,Female,Expat,Yes
CUST0278,18.0,Male,Expat,No
CUST0279,18.0,Female,Expat,No
CUST0280,27.0,Male,Expat,Yes
CUST0281,39.0,Female,UAE National,No
CUST0282,31.0,Male,Expat,Yes
CUST0283,49.0,Male,Expat,Yes
CUST0284,37.0,Female,Expat,No
CUST0285,21.0,Female,UAE National,Yes
CUST0286,32.0,Male,Expat,No
CUST0287,18.0,Female,Expat,No
CUST0288,36.0,Female,Expat,No
CUST0289,44.0,Male,Expat,No
CUST0290,44.0,Male,Expat,No
CUST0291,35.0,Male,Expat,Yes
CUST0292,18.0,Female,Expat,No
CUST0293,20.0,Female,Expat,Yes
CUST0294,36.0,Female,Expat,Yes
CUST0295,36.0,Male,Expat,No
CUST0296,18.0,Male,Expat,No
CUST0297,36.0,Male,Expat,Yes
CUST0298,19.0,Female,Expat,No
CUST0299,29.0,Female,Expat,Yes
CUST0300,33.0,Female,Expat,No
CUST0301,19.0,Female,Expat,No
CUST0302,28.0,Female,Expat,No
CUST0303,18.0,Female,Expat,Yes
CUST0304,41.0,Female,UAE National,Yes
CUST0305,21.0,Female,UAE National,No
CUST0306,30.0,Female,UAE National,No
CUST0307,42.0,Male,Expat,No
CUST0308,40.0,Male,Expat,No
CUST0309,38.0,Female,Expat,Yes
CUST0310,,Female,Expat,Yes
CUST0311,33.0,Female,UAE National,No
CUST0312,41.0,Male,UAE National,No
CUST0313,31.0,Male,Expat,No
CUST0314,20.0,Female,Expat,Yes
CUST0315,36.0,Female,Expat,No
CUST0316,29.0,Female,Expat,Yes
CUST0317,,Male,Expat,No
CUST0318,33.0,Male,Expat,No
CUST0319,21.0,Female,UAE National,Yes
CUST0320,36.0,Female,UAE National,Yes
CUST0321,37.0,Female,UAE National,No
CUST0322,32.0,Female,UAE National,Yes
CUST0323,27.0,Female,Expat,No
CUST0324,18.0,Male,UAE National,No
CUST0325,18.0,Male,Expat,No
CUST0326,18.0,Female,Expat,Yes
CUST0327,23.0,Male,Expat,Yes
CUST0328,23.0,Male,Expat,Yes
CUST0329,18.0,Male,UAE National,No
CUST0330,22.0,Female,Expat,No
CUST0331,30.0,Male,Expat,No
CUST0332,25.0,Male,UAE National,No
CUST0333,41.0,Female,Expat,No
CUST0334,44.0,Male,Expat,Yes
CUST0335,36.0,Male,Expat,Yes
CUST0336,27.0,Male,Expat,No
CUST0337,29.0,Female,UAE National,No
CUST0338,22.0,Male,Expat,Yes
CUST0339,26.0,Male,Expat,No
CUST0340,26.0,Female,Expat,No
CUST0341,29.0,Male,Expat,Yes
CUST0342,36.0,Female,UAE National,No
CUST0343,36.0,Male,UAE National,No
CUST0344,40.0,Female,Expat,No
CUST0345,39.0,Female,Expat,No
CUST0346,24.0,Female,Expat,Yes
CUST0347,18.0,Female,Expat,No
CUST0348,25.0,Male,Expat,Yes
CUST0349,18.0,Female,Expat,No
CUST0350,35.0,Female,Expat,No
CUST0351,35.0,Female,UAE National,No
CUST0352,37.0,Female,Expat,No
CUST0353,,Female,Expat,No
CUST0354,29.0,Male,Expat,No
CUST0355,25.0,Female,Expat,No
CUST0356,30.0,Female,Expat,Yes
CUST0357,32.0,Male,Expat,No
CUST0358,38.0,Female,Expat,No
CUST0359,21.0,Male,Expat,Yes
CUST0360,36.0,Male,Expat,Yes
CUST0361,32.0,Male,Expat,No
CUST0362,33.0,Female,Expat,Yes
CUST0363,,Female,Expat,No
CUST0364,35.0,Male,Expat,No
CUST0365,28.0,Female,Expat,No
CUST0366,33.0,Male,UAE National,No
CUST0367,34.0,Female,Expat,Yes
CUST0368,27.0,Female,Expat,Yes
CUST0369,37.0,Female,Expat,No
CUST0370,40.0,Female,Expat,No
CUST0371,22.0,Female,Expat,No
CUST0372,30.0,Female,Expat,Yes
CUST0373,40.0,Female,Expat,Yes
CUST0374,42.0,Male,UAE National,Yes
CUST0375,31.0,Male,Expat,No
CUST0376,37.0,Female,Expat,Yes
CUST0377,39.0,Female,UAE National,Yes
CUST0378,30.0,Female,Expat,Yes
CUST0379,,Male,Expat,Yes
CUST0380,36.0,Female,UAE National,Yes
CUST0381,31.0,Female,UAE National,No
CUST0382,35.0,Male,Expat,No
CUST0383,36.0,Female,Expat,Yes
CUST0384,41.0,Male,UAE National,No
CUST0385,35.0,Female,Expat,Yes
CUST0386,21.0,Female,Expat,No
CUST0387,29.0,Male,Expat,No
CUST0388,26.0,Male,Expat,No
CUST0389,39.0,Female,Expat,Yes
CUST0390,51.0,Male,Expat,Yes
CUST0391,28.0,Male,Expat,No
CUST0392,31.0,Female,Expat,Yes
CUST0393,27.0,Female,Expat,No
CUST0394,51.0,Male,Expat,No
CUST0395,31.0,Male,Expat,Yes
CUST0396,24.0,Female,Expat,Yes
CUST0397,32.0,Female,Expat,Yes
CUST0398,,Female,Expat,Yes
CUST0399,39.0,Female,Expat,Yes
CUST0400,36.0,Female,Expat,Yes
CUST0401,46.0,Female,Expat,No
CUST0402,34.0,Female,Expat,No
CUST0403,32.0,Female,Expat,No
CUST0404,39.0,Male,Expat,No
CUST0405,29.0,Female,Expat,Yes
CUST0406,33.0,Male,Expat,Yes
CUST0407,23.0,Male,UAE National,No
CUST0408,27.0,Female,Expat,No
CUST0409,24.0,Male,Expat,No
CUST0410,38.0,Male,UAE National,No
CUST0411,27.0,Male,Expat,Yes
CUST0412,33.0,Male,Expat,No
CUST0413,39.0,Male,UAE National,No
CUST0414,38.0,Male,Expat,Yes
CUST0415,19.0,Male,UAE National,No
CUST0416,48.0,Female,Expat,No
CUST0417,18.0,Male,UAE National,No
CUST0418,27.0,Male,UAE National,Yes
CUST0419,43.0,Female,Expat,Yes
CUST0420,38.0,Male,Expat,No
CUST0421,34.0,Male,Expat,No
CUST0422,29.0,Male,Expat,No
CUST0423,18.0,Female,Expat,No
CUST0424,33.0,Male,Expat,Yes
CUST0425,38.0,Female,UAE National,Yes
CUST0426,22.0,Male,Expat,Yes
CUST0427,19.0,Male,UAE National,Yes
CUST0428,29.0,Male,Expat,No
CUST0429,29.0,Female,Expat,Yes
CUST0430,41.0,Male,Expat,No
CUST0431,38.0,Female,Expat,No
CUST0432,41.0,Female,Expat,No
CUST0433,29.0,Female,Expat,Yes
CUST0434,35.0,Female,Expat,Yes
CUST0435,30.0,Male,Expat,No
CUST0436,23.0,Male,Expat,No
CUST0437,33.0,Female,Expat,No
CUST0438,35.0,Female,Expat,No
CUST0439,25.0,Female,Expat,Yes
CUST0440,35.0,Female,Expat,No
CUST0441,34.0,Male,Expat,No
CUST0442,26.0,Male,UAE National,Yes
CUST0443,31.0,Male,Expat,No
CUST0444,48.0,Female,UAE National,No
CUST0445,33.0,Male,Expat,No
CUST0446,35.0,Female,Expat,No
CUST0447,25.0,Female,Expat,No
CUST0448,34.0,Female,UAE National,Yes
CUST0449,40.0,Male,UAE National,No
CUST0450,29.0,Male,Expat,No
CUST0451,18.0,Female,UAE National,No
CUST0452,24.0,Male,Expat,No
CUST0453,42.0,Female,Expat,Yes
CUST0454,29.0,Female,Expat,Yes
CUST0455,21.0,Female,Expat,No
CUST0456,18.0,Male,Expat,No
CUST0457,21.0,Female,Expat,Yes
CUST0458,27.0,Male,Expat,No
CUST0459,18.0,Female,Expat,No
CUST0460,26.0,Male,Expat,No
CUST0461,22.0,Female,Expat,Yes
CUST0462,19.0,Female,Expat,No
CUST0463,37.0,Female,Expat,No
CUST0464,36.0,Male,UAE National,Yes
CUST0465,29.0,Female,Expat,No
CUST0466,,Female,Expat,No
CUST0467,35.0,Female,Expat,Yes
CUST0468,25.0,Female,Expat,Yes
CUST0469,,Male,Expat,No
CUST0470,24.0,Female,Expat,No
CUST0471,27.0,Male,Expat,Yes
CUST0472,19.0,Male,Expat,No
CUST0473,46.0,Female,Expat,Yes
CUST0474,33.0,Female,Expat,Yes
CUST0475,43.0,Female,UAE National,No
CUST0476,31.0,Male,Expat,No
CUST0477,41.0,Male,UAE National,No
CUST0478,35.0,Male,Expat,Yes
CUST0479,41.0,Female,Expat,No
CUST0480,29.0,Female,Expat,Yes
CUST0481,38.0,Female,Expat,No
CUST0482,27.0,Male,Expat,Yes
CUST0483,49.0,Male,Expat,Yes
CUST0484,22.0,Male,Expat,No
CUST0485,41.0,Female,Expat,No
CUST0486,44.0,Female,Expat,Yes
CUST0487,,Female,Expat,No
CUST0488,35.0,Male,UAE National,No
CUST0489,,Female,Expat,No
CUST0490,25.0,Male,Expat,No
CUST0491,34.0,Female,Expat,No
CUST0492,27.0,Male,Expat,Yes
CUST0493,23.0,Female,Expat,Yes
CUST0494,26.0,Female,Expat,No
CUST0495,27.0,Male,Expat,No
CUST0496,37.0,Female,UAE National,No
CUST0497,22.0,Male,Expat,No
CUST0498,22.0,Female,UAE National,No
CUST0499,29.0,Female,Expat,Yes
CUST0500,45.0,Female,Expat,No
CUST0501,24.0,Female,Expat,No
CUST0502,37.0,Female,Expat,No
CUST0503,,Female,Expat,Yes
CUST0504,27.0,Female,Expat,Yes
CUST0505,20.0,Female,UAE National,No
CUST0506,32.0,Male,Expat,No
CUST0507,41.0,Female,Expat,No
CUST0508,36.0,Female,Expat,No
CUST0509,36.0,Female,Expat,Yes
CUST0510,26.0,Male,Expat,No
CUST0511,30.0,Male,Expat,Yes
CUST0512,49.0,Male,Expat,No
CUST0513,22.0,Female,UAE National,No
CUST0514,28.0,Male,UAE National,No
CUST0515,35.0,Male,Expat,No
CUST0516,36.0,Male,Expat,Yes
CUST0517,36.0,Male,Expat,No
CUST0518,23.0,Female,Expat,No
CUST0519,42.0,Female,Expat,No
CUST0520,51.0,Female,Expat,No
CUST0521,29.0,Female,Expat,No
CUST0522,29.0,Male,Expat,Yes
CUST0523,24.0,Female,Expat,Yes
CUST0524,36.0,Male,UAE National,No
CUST0525,32.0,Male,Expat,No
CUST0526,34.0,Female,Expat,Yes
CUST0527,,Female,Expat,No
CUST0528,25.0,Male,Expat,Yes
CUST0529,26.0,Male,Expat,No
CUST0530,31.0,Female,Expat,No
CUST0531,27.0,Male,UAE National,Yes
CUST0532,28.0,Male,Expat,Yes
CUST0533,32.0,Female,Expat,No
CUST0534,26.0,Male,Expat,No
CUST0535,35.0,Female,Expat,No
CUST0536,50.0,Male,Expat,No
CUST0537,27.0,Male,Expat,No
CUST0538,,Female,Expat,No
CUST0539,22.0,Male,Expat,Yes
CUST0540,28.0,Female,Expat,Yes
CUST0541,31.0,Female,Expat,Yes
CUST0542,24.0,Male,Expat,No
CUST0543,31.0,Female,Expat,No
CUST0544,22.0,Male,Expat,Yes
CUST0545,31.0,Female,Expat,No
CUST0546,25.0,Male,Expat,No
CUST0547,18.0,Male,UAE National,No
CUST0548,41.0,Female,Expat,No
CUST0549,23.0,Female,Expat,No
CUST0550,31.0,Male,Expat,No
CUST0551,39.0,Female,Expat,No
CUST0552,26.0,Female,Expat,No
CUST0553,33.0,Male,Expat,No
CUST0554,30.0,Female,Expat,Yes
CUST0555,32.0,Male,Expat,Yes
CUST0556,25.0,Male,Expat,Yes
CUST0557,42.0,Female,Expat,No
CUST0558,28.0,Female,Expat,Yes
CUST0559,28.0,Male,Expat,No
CUST0560,36.0,Female,Expat,Yes
CUST0561,42.0,Male,Expat,Yes
CUST0562,37.0,Male,Expat,No
CUST0563,41.0,Male,Expat,No
CUST0564,43.0,Male,Expat,No
CUST0565,46.0,Male,Expat,No
CUST0566,36.0,Male,Expat,Yes
CUST0567,30.0,Male,Expat,No
CUST0568,36.0,Female,Expat,Yes
CUST0569,33.0,Female,Expat,Yes
CUST0570,21.0,Male,UAE National,No
CUST0571,39.0,Female,UAE National,No
CUST0572,38.0,Male,UAE National,No
CUST0573,25.0,Female,Expat,No
CUST0574,23.0,Female,Expat,No
CUST0575,36.0,Female,UAE National,No
CUST0576,31.0,Male,Expat,No
CUST0577,31.0,Male,Expat,Yes
CUST0578,35.0,Male,Expat,No
CUST0579,37.0,Female,Expat,No
CUST0580,46.0,Male,Expat,No
CUST0581,36.0,Male,Expat,No
CUST0582,29.0,Male,Expat,Yes
CUST0583,31.0,Male,Expat,No
CUST0584,42.0,Male,Expat,Yes
CUST0585,28.0,Male,Expat,No
CUST0586,27.0,Female,Expat,No
CUST0587,23.0,Female,Expat,Yes
CUST0588,20.0,Female,Expat,Yes
CUST0589,23.0,Male,Expat,No
CUST0590,25.0,Male,UAE National,No
CUST0591,18.0,Male,UAE National,No
CUST0592,45.0,Female,Expat,Yes
CUST0593,25.0,Male,Expat,Yes
CUST0594,,Female,Expat,Yes
CUST0595,49.0,Male,Expat,Yes
CUST0596,29.0,Female,Expat,No
CUST0597,45.0,Male,Expat,No
CUST0598,39.0,Male,Expat,No
CUST0599,40.0,Male,Expat,No
CUST0600,26.0,Female,Expat,No
CUST0601,28.0,Female,Expat,No
CUST0602,24.0,Male,Expat,Yes
CUST0603,,Female,Expat,No
CUST0604,33.0,Female,UAE National,No
CUST0605,36.0,Female,Expat,No
CUST0606,41.0,Male,Expat,Yes
CUST0607,29.0,Male,Expat,No
CUST0608,20.0,Female,Expat,Yes
CUST0609,22.0,Female,Expat,No
CUST0610,18.0,Female,Expat,No
CUST0611,33.0,Male,Expat,No
CUST0612,29.0,Female,UAE National,No
CUST0613,35.0,Male,Expat,No
CUST0614,33.0,Female,Expat,No
CUST0615,,Female,Expat,No
CUST0616,28.0,Female,Expat,Yes
CUST0617,35.0,Female,Expat,No
CUST0618,27.0,Female,UAE National,Yes
CUST0619,24.0,Male,Expat,Yes
CUST0620,24.0,Female,UAE National,Yes
CUST0621,29.0,Female,Expat,No
CUST0622,44.0,Male,Expat,No
CUST0623,32.0,Female,Expat,No
CUST0624,22.0,Female,Expat,No
CUST0625,33.0,Male,Expat,No
CUST0626,32.0,Female,UAE National,Yes
CUST0627,,Male,Expat,Yes
CUST0628,,Male,Expat,No
CUST0629,23.0,Female,Expat,No
CUST0630,36.0,Female,Expat,No
CUST0631,25.0,Female,Expat,Yes
CUST0632,29.0,Male,Expat,Yes
CUST0633,40.0,Male,UAE National,Yes
CUST0634,53.0,Female,UAE National,No
CUST0635,35.0,Female,Expat,Yes
CUST0636,46.0,Female,Expat,No
CUST0637,28.0,Female,Expat,No
CUST0638,48.0,Male,Expat,No
CUST0639,43.0,Female,Expat,No
CUST0640,32.0,Female,Expat,No
CUST0641,26.0,Female,Expat,Yes
CUST0642,27.0,Male,Expat,No
CUST0643,29.0,Female,Expat,No
CUST0644,36.0,Female,UAE National,No
CUST0645,31.0,Female,Expat,No
CUST0646,26.0,Female,Expat,No
CUST0647,40.0,Female,Expat,Yes
CUST0648,36.0,Male,Expat,No
CUST0649,18.0,Female,Expat,No
CUST0650,33.0,Female,Expat,No
CUST0651,38.0,Male,Expat,No
CUST0652,30.0,Female,Expat,No
CUST0653,38.0,Male,Expat,No
CUST0654,28.0,Male,Expat,No
CUST0655,27.0,Female,Expat,No
CUST0656,,Male,Expat,Yes
CUST0657,27.0,Female,Expat,No
CUST0658,33.0,Male,Expat,No
CUST0659,33.0,Female,UAE National,No
CUST0660,41.0,Female,UAE National,Yes
CUST0661,43.0,Male,UAE National,No
CUST0662,32.0,Female,Expat,No
CUST0663,29.0,Female,Expat,No
CUST0664,25.0,Male,Expat,No
CUST0665,,Male,Expat,No
CUST0666,36.0,Female,Expat,Yes
CUST0667,30.0,Male,Expat,Yes
CUST0668,42.0,Female,Expat,No
CUST0669,36.0,Male,Expat,No
CUST0670,25.0,Female,Expat,Yes
CUST0671,26.0,Female,Expat,No
CUST0672,18.0,Male,Expat,No
CUST0673,31.0,Female,Expat,No
CUST0674,41.0,Female,Expat,Yes
CUST0675,41.0,Female,Expat,Yes
CUST0676,23.0,Male,Expat,No
CUST0677,27.0,Female,Expat,No
CUST0678,38.0,Male,Expat,No
CUST0679,40.0,Male,Expat,No
CUST0680,21.0,Male,UAE National,No
CUST0681,22.0,Male,Expat,No
CUST0682,38.0,Male,Expat,No
CUST0683,18.0,Male,Expat,No
CUST0684,18.0,Female,Expat,Yes
CUST0685,30.0,Male,UAE National,Yes
CUST0686,24.0,Male,Expat,No
CUST0687,28.0,Female,Expat,No
CUST0688,38.0,Female,Expat,No
CUST0689,39.0,Female,Expat,Yes
CUST0690,27.0,Male,UAE National,Yes
CUST0691,24.0,Female,Expat,Yes
CUST0692,32.0,Female,Expat,No
CUST0693,19.0,Female,Expat,Yes
CUST0694,38.0,Male,Expat,Yes
CUST0695,35.0,Male,UAE National,No
CUST0696,39.0,Male,UAE National,Yes
CUST0697,37.0,Male,Expat,Yes
CUST0698,26.0,Male,Expat,No
CUST0699,26.0,Male,UAE National,No
CUST0700,32.0,Female,Expat,Yes
CUST0701,34.0,Female,Expat,No
CUST0702,37.0,Female,UAE National,No
CUST0703,18.0,Female,Expat,No
CUST0704,26.0,Male,Expat,No
CUST0705,48.0,Male,UAE National,No
CUST0706,23.0,Male,Expat,No
CUST0707,24.0,Female,Expat,Yes
CUST0708,32.0,Male,Expat,No
CUST0709,43.0,Male,UAE National,No
CUST0710,36.0,Female,Expat,Yes
CUST0711,28.0,Female,Expat,Yes
CUST0712,18.0,Male,Expat,Yes
CUST0713,30.0,Female,UAE National,Yes
CUST0714,18.0,Female,Expat,Yes
CUST0715,30.0,Female,Expat,Yes
CUST0716,32.0,Male,Expat,Yes
CUST0717,40.0,Male,Expat,No
CUST0718,27.0,Female,Expat,Yes
CUST0719,25.0,Female,UAE National,No
CUST0720,30.0,Female,Expat,Yes
CUST0721,31.0,Female,Expat,No
CUST0722,40.0,Female,UAE National,Yes
CUST0723,20.0,Male,Expat,No
CUST0724,18.0,Male,UAE National,No
CUST0725,39.0,Female,Expat,No
CUST0726,27.0,Female,Expat,Yes
CUST0727,33.0,Male,Expat,No
CUST0728,27.0,Female,Expat,Yes
CUST0729,24.0,Female,Expat,No
CUST0730,29.0,Male,Expat,Yes
CUST0731,36.0,Female,Expat,No
CUST0732,30.0,Male,Expat,Yes
CUST0733,33.0,Female,Expat,No
CUST0734,38.0,Female,Expat,Yes
CUST0735,32.0,Male,UAE National,Yes
CUST0736,26.0,Female,Expat,No
CUST0737,53.0,Male,Expat,Yes
CUST0738,28.0,Male,Expat,No
CUST0739,38.0,Female,Expat,No
CUST0740,42.0,Female,Expat,No
CUST0741,24.0,Male,Expat,No
CUST0742,23.0,Female,Expat,No
CUST0743,18.0,Female,Expat,No
CUST0744,26.0,Female,Expat,No
CUST0745,24.0,Female,Expat,Yes
CUST0746,43.0,Male,Expat,Yes
CUST0747,24.0,Female,UAE National,Yes
CUST0748,28.0,Female,Expat,No
CUST0749,30.0,Female,Expat,Yes
CUST0750,26.0,Male,Expat,No
CUST0751,47.0,Male,Expat,Yes
CUST0752,28.0,Female,Expat,Yes
CUST0753,31.0,Female,Expat,Yes
CUST0754,35.0,Male,Expat,Yes
CUST0755,18.0,Female,Expat,No
CUST0756,29.0,Male,Expat,No
CUST0757,,Female,Expat,No
CUST0758,19.0,Female,Expat,Yes
CUST0759,20.0,Male,Expat,Yes
CUST0760,44.0,Female,Expat,No
CUST0761,34.0,Female,Expat,Yes
CUST0762,21.0,Female,Expat,No
CUST0763,25.0,Female,Expat,Yes
CUST0764,30.0,Male,Expat,No
CUST0765,23.0,Male,Expat,No
CUST0766,34.0,Female,UAE National,No
CUST0767,39.0,Male,Expat,Yes
CUST0768,31.0,Female,Expat,No
CUST0769,27.0,Male,Expat,No
CUST0770,34.0,Female,UAE National,No
CUST0771,46.0,Female,Expat,No
CUST0772,26.0,Male,Expat,No
CUST0773,,Male,UAE National,Yes
CUST0774,38.0,Female,Expat,No
CUST0775,34.0,Male,Expat,Yes
CUST0776,40.0,Male,Expat,Yes
CUST0777,33.0,Female,Expat,No
CUST0778,18.0,Male,Expat,No
CUST0779,41.0,Male,UAE National,No
CUST0780,29.0,Female,Expat,No
CUST0781,41.0,Female,Expat,No
CUST0782,30.0,Female,Expat,No
CUST0783,50.0,Female,Expat,No
CUST0784,33.0,Female,Expat,No
CUST0785,39.0,Male,Expat,Yes
CUST0786,40.0,Female,Expat,Yes
CUST0787,24.0,Male,Expat,No
CUST0788,26.0,Female,Expat,No
CUST0789,27.0,Male,Expat,Yes
CUST0790,38.0,Female,Expat,No
CUST0791,35.0,Female,Expat,No
CUST0792,27.0,Female,Expat,No
CUST0793,25.0,Female,Expat,No
CUST0794,33.0,Female,Expat,No
CUST0795,30.0,Male,Expat,Yes
CUST0796,27.0,Female,Expat,No
CUST0797,32.0,Male,Expat,Yes
CUST0798,36.0,Female,Expat,No
CUST0799,30.0,Female,Expat,Yes
CUST0800,32.0,Female,Expat,Yes
CUST0801,38.0,Female,Expat,No
CUST0802,26.0,Male,Expat,No
CUST0803,19.0,Male,Expat,No
CUST0804,30.0,Male,UAE National,No
CUST0805,25.0,Female,Expat,No
CUST0806,34.0,Male,Expat,No
CUST0807,26.0,Male,Expat,No
CUST0808,,Male,Expat,No
CUST0809,33.0,Female,Expat,No
CUST0810,22.0,Male,Expat,No
CUST0811,32.0,Female,Expat,No
CUST0812,34.0,Male,Expat,Yes
CUST0813,24.0,Male,Expat,Yes
CUST0814,26.0,Male,Expat,Yes
CUST0815,32.0,Male,Expat,Yes
CUST0816,25.0,Male,Expat,Yes
CUST0817,41.0,Male,Expat,Yes
CUST0818,40.0,Male,Expat,No
CUST0819,26.0,Female,Expat,No
CUST0820,31.0,Male,Expat,Yes
CUST0821,47.0,Female,Expat,No
CUST0822,36.0,Male,Expat,No
CUST0823,25.0,Male,UAE National,No
CUST0824,23.0,Female,UAE National,Yes
CUST0825,40.0,Female,Expat,No
CUST0826,35.0,Male,Expat,No
CUST0827,31.0,Female,Expat,No
CUST0828,20.0,Male,Expat,Yes
CUST0829,20.0,Female,Expat,No
CUST0830,28.0,Male,Expat,No
CUST0831,,Female,Expat,No
CUST0832,35.0,Male,Expat,No
CUST0833,26.0,Female,Expat,No
CUST0834,28.0,Female,Expat,Yes
CUST0835,44.0,Male,Expat,Yes
CUST0836,25.0,Male,UAE National,Yes
CUST0837,18.0,Male,Expat,No
CUST0838,,Female,Expat,Yes
CUST0839,32.0,Female,Expat,Yes
CUST0840,30.0,Female,Expat,No
CUST0841,18.0,Male,Expat,No
CUST0842,36.0,Female,Expat,No
CUST0843,31.0,Male,Expat,Yes
CUST0844,32.0,Female,Expat,No
CUST0845,44.0,Female,Expat,Yes
CUST0846,30.0,Female,Expat,Yes
CUST0847,33.0,Female,Expat,Yes
CUST0848,18.0,Male,Expat,Yes
CUST0849,34.0,Male,Expat,Yes
CUST0850,37.0,Female,Expat,No
CUST0851,37.0,Female,Expat,Yes
CUST0852,26.0,Female,Expat,No
CUST0853,25.0,Male,Expat,No
CUST0854,36.0,Male,Expat,Yes
CUST0855,32.0,Female,Expat,Yes
CUST0856,34.0,Male,Expat,No
CUST0857,24.0,Male,Expat,Yes
CUST0858,21.0,Male,Expat,No
CUST0859,44.0,Female,Expat,Yes
CUST0860,29.0,Male,UAE National,No
CUST0861,18.0,Female,Expat,Yes
CUST0862,23.0,Female,Expat,No
CUST0863,30.0,Female,Expat,Yes
CUST0864,27.0,Female,Expat,Yes
CUST0865,33.0,Male,Expat,No
CUST0866,27.0,Female,Expat,Yes
CUST0867,31.0,Female,Expat,Yes
CUST0868,35.0,Male,Expat,Yes
CUST0869,34.0,Male,UAE National,Yes
CUST0870,,Female,UAE National,No
CUST0871,32.0,Male,Expat,Yes
CUST0872,34.0,Male,Expat,No
CUST0873,33.0,Female,Expat,Yes
CUST0874,,Female,Expat,No
CUST0875,32.0,Male,UAE National,No
CUST0876,31.0,Female,Expat,No
CUST0877,22.0,Female,Expat,No
CUST0878,33.0,Female,Expat,No
CUST0879,22.0,Male,Expat,Yes
CUST0880,36.0,Female,Expat,Yes
CUST0881,30.0,Female,Expat,Yes
CUST0882,35.0,Male,Expat,Yes
CUST0883,37.0,Male,Expat,Yes
CUST0884,25.0,Female,Expat,Yes
CUST0885,34.0,Female,Expat,No
CUST0886,21.0,Male,UAE National,No
CUST0887,19.0,Female,UAE National,No
CUST0888,41.0,Male,Expat,Yes
CUST0889,27.0,Male,Expat,Yes
CUST0890,,Female,Expat,Yes
CUST0891,19.0,Male,Expat,Yes
CUST0892,32.0,Male,Expat,Yes
CUST0893,19.0,Male,UAE National,No
CUST0894,47.0,Male,Expat,No
CUST0895,38.0,Male,Expat,No
CUST0896,29.0,Male,UAE National,No
CUST0897,29.0,Male,Expat,Yes
CUST0898,18.0,Female,Expat,Yes
CUST0899,29.0,Female,Expat,Yes
CUST0900,35.0,Female,Expat,No
CUST0901,42.0,Male,Expat,No
CUST0902,29.0,Male,Expat,No
CUST0903,24.0,Female,Expat,No
CUST0904,35.0,Male,Expat,Yes
CUST0905,37.0,Female,Expat,Yes
CUST0906,18.0,Male,UAE National,Yes
CUST0907,23.0,Female,Expat,Yes
CUST0908,26.0,Female,Expat,No
CUST0909,41.0,Female,Expat,No
CUST0910,38.0,Female,Expat,Yes
CUST0911,38.0,Female,Expat,Yes
CUST0912,36.0,Male,Expat,No
CUST0913,43.0,Male,Expat,No
CUST0914,18.0,Male,Expat,No
CUST0915,35.0,Female,Expat,No
CUST0916,27.0,Male,UAE National,Yes
CUST0917,19.0,Female,Expat,No
CUST0918,38.0,Male,Expat,Yes
CUST0919,18.0,Female,Expat,No
CUST0920,33.0,Male,Expat,No
CUST0921,38.0,Female,Expat,No
CUST0922,31.0,Male,Expat,No
CUST0923,27.0,Male,Expat,Yes
CUST0924,36.0,Male,Expat,No
CUST0925,40.0,Female,UAE National,No
CUST0926,39.0,Male,UAE National,No
CUST0927,35.0,Male,Expat,No
CUST0928,27.0,Male,Expat,Yes
CUST0929,31.0,Female,Expat,Yes
CUST0930,35.0,Male,Expat,No
CUST0931,46.0,Male,Expat,No
CUST0932,32.0,Female,Expat,No
CUST0933,24.0,Female,Expat,No
CUST0934,29.0,Female,Expat,Yes
CUST0935,35.0,Female,Expat,No
CUST0936,38.0,Female,Expat,No
CUST0937,32.0,Female,Expat,Yes
CUST0938,26.0,Female,Expat,Yes
CUST0939,41.0,Male,Expat,No
CUST0940,25.0,Male,Expat,No
CUST0941,46.0,Male,Expat,Yes
CUST0942,26.0,Female,Expat,Yes
CUST0943,43.0,Male,UAE National,No
CUST0944,41.0,Female,Expat,No
CUST0945,29.0,Male,Expat,Yes
CUST0946,27.0,Female,Expat,No
CUST0947,21.0,Female,Expat,No
CUST0948,32.0,Female,Expat,No
CUST0949,26.0,Female,Expat,Yes
CUST0950,45.0,Female,Expat,Yes
CUST0951,18.0,Male,Expat,Yes
CUST0952,30.0,Male,Expat,No
CUST0953,31.0,Male,Expat,Yes
CUST0954,33.0,Female,Expat,No
CUST0955,41.0,Male,Expat,No
CUST0956,40.0,Male,Expat,Yes
CUST0957,,Female,Expat,No
CUST0958,30.0,Female,UAE National,No
CUST0959,34.0,Male,Expat,No
CUST0960,,Female,Expat,Yes
CUST0961,,Female,Expat,Yes
CUST0962,31.0,Female,Expat,No
CUST0963,,Female,Expat,No
CUST0964,35.0,Male,UAE National,Yes
CUST0965,25.0,Male,Expat,No
CUST0966,30.0,Male,UAE National,No
CUST0967,45.0,Female,Expat,Yes
CUST0968,28.0,Female,Expat,No
CUST0969,38.0,Male,Expat,Yes
CUST0970,24.0,Female,Expat,No
CUST0971,26.0,Male,Expat,Yes
CUST0972,25.0,Male,Expat,No
CUST0973,44.0,Male,Expat,Yes
CUST0974,39.0,Male,UAE National,No
CUST0975,20.0,Female,Expat,No
CUST0976,33.0,Female,Expat,No
CUST0977,30.0,Male,Expat,No
CUST0978,27.0,Male,Expat,No
CUST0979,38.0,Female,Expat,No
CUST0980,29.0,Female,Expat,No
CUST0981,38.0,Male,Expat,No
CUST0982,23.0,Male,Expat,No
CUST0983,28.0,Female,UAE National,Yes
CUST0984,18.0,Male,Expat,No
CUST0985,38.0,Female,Expat,Yes
CUST0986,31.0,Male,Expat,No
CUST0987,26.0,Female,Expat,Yes
CUST0988,,Male,Expat,Yes
CUST0989,28.0,Female,Expat,No
CUST0990,26.0,Female,Expat,Yes
CUST0991,34.0,Male,Expat,Yes
CUST0992,18.0,Female,Expat,Yes
CUST0993,36.0,Female,Expat,No
CUST0994,22.0,Male,Expat,No
CUST0995,21.0,Male,UAE National,No
CUST0996,40.0,Female,Expat,No
CUST0997,18.0,Female,Expat,No
CUST0998,33.0,Male,Expat,No
CUST0999,33.0,Female,Expat,No
CUST1000,24.0,Female,Expat,No
CUST1001,,Female,Expat,Yes
CUST1002,36.0,Female,Expat,Yes
CUST1003,32.0,Female,Expat,Yes
CUST1004,45.0,Female,Expat,Yes
CUST1005,29.0,Female,Expat,Yes
CUST1006,35.0,Female,Expat,Yes
CUST1007,20.0,Male,Expat,Yes
CUST1008,36.0,Male,Expat,Yes
CUST1009,32.0,Male,Expat,No
CUST1010,35.0,Female,Expat,No
CUST1011,40.0,Male,Expat,Yes
CUST1012,,Female,Expat,No
CUST1013,40.0,Female,UAE National,No
CUST1014,34.0,Male,Expat,Yes
CUST1015,24.0,Female,Expat,Yes
CUST1016,28.0,Female,Expat,No
CUST1017,21.0,Male,Expat,No
CUST1018,31.0,Male,Expat,No
CUST1019,25.0,Female,Expat,No
CUST1020,41.0,Male,Expat,No
CUST1021,33.0,Female,Expat,No
CUST1022,30.0,Male,Expat,Yes
CUST1023,43.0,Male,UAE National,No
CUST1024,30.0,Male,Expat,No
CUST1025,26.0,Female,UAE National,Yes
CUST1026,29.0,Male,Expat,No
CUST1027,39.0,Female,UAE National,Yes
CUST1028,30.0,Female,Expat,No
CUST1029,26.0,Male,Expat,No
CUST1030,23.0,Male,Expat,Yes
CUST1031,26.0,Female,Expat,Yes
CUST1032,46.0,Male,Expat,No
CUST1033,29.0,Male,Expat,Yes
CUST1034,30.0,Female,Expat,Yes
CUST1035,48.0,Female,Expat,No
CUST1036,43.0,Female,Expat,No
CUST1037,35.0,Female,Expat,No
CUST1038,40.0,Male,Expat,No
CUST1039,44.0,Male,Expat,Yes
CUST1040,34.0,Male,UAE National,No
CUST1041,33.0,Female,Expat,No
CUST1042,46.0,Female,UAE National,Yes
CUST1043,40.0,Male,Expat,No
CUST1044,26.0,Female,Expat,Yes
CUST1045,23.0,Female,Expat,No
CUST1046,21.0,Male,UAE National,Yes
CUST1047,32.0,Male,Expat,Yes
CUST1048,40.0,Male,Expat,Yes
CUST1049,36.0,Female,Expat,Yes
CUST1050,20.0,Male,UAE National,Yes
CUST1051,40.0,Female,Expat,No
CUST1052,19.0,Male,Expat,No
CUST1053,36.0,Female,Expat,No
CUST1054,24.0,Male,Expat,No
CUST1055,43.0,Male,Expat,Yes
CUST1056,29.0,Male,Expat,No
CUST1057,35.0,Female,Expat,No
CUST1058,37.0,Female,Expat,No
CUST1059,29.0,Female,Expat,No
CUST1060,26.0,Female,Expat,Yes
CUST1061,33.0,Male,UAE National,Yes
CUST1062,34.0,Male,Expat,No
CUST1063,34.0,Female,Expat,Yes
CUST1064,41.0,Male,Expat,No
CUST1065,27.0,Female,Expat,No
CUST1066,42.0,Female,Expat,Yes
CUST1067,37.0,Female,Expat,No
CUST1068,39.0,Male,Expat,No
CUST1069,34.0,Male,Expat,No
CUST1070,46.0,Female,Expat,Yes
CUST1071,28.0,Male,Expat,No
CUST1072,30.0,Male,UAE National,No
CUST1073,36.0,Female,Expat,No
CUST1074,40.0,Male,UAE National,No
CUST1075,36.0,Male,Expat,Yes
CUST1076,41.0,Female,Expat,Yes
CUST1077,41.0,Male,UAE National,Yes
CUST1078,40.0,Female,Expat,No
CUST1079,40.0,Female,Expat,Yes
CUST1080,22.0,Female,Expat,No
CUST1081,34.0,Female,Expat,No
CUST1082,,Male,Expat,Yes
CUST1083,,Female,Expat,No
CUST1084,38.0,Male,Expat,No
CUST1085,35.0,Male,UAE National,No
CUST1086,23.0,Male,Expat,No
CUST1087,29.0,Female,Expat,No
CUST1088,18.0,Male,Expat,Yes
CUST1089,40.0,Male,Expat,No
CUST1090,39.0,Female,Expat,No
CUST1091,34.0,Male,Expat,Yes
CUST1092,30.0,Female,UAE National,No
CUST1093,33.0,Male,Expat,No
CUST1094,34.0,Male,UAE National,No
CUST1095,32.0,Male,Expat,Yes
CUST1096,34.0,Male,Expat,No
CUST1097,34.0,Female,Expat,Yes
CUST1098,26.0,Female,Expat,No
CUST1099,26.0,Female,Expat,Yes
CUST1100,18.0,Female,Expat,No
CUST1101,28.0,Female,Expat,Yes
CUST1102,28.0,Female,Expat,Yes
CUST1103,27.0,Female,Expat,Yes
CUST1104,28.0,Male,Expat,Yes
CUST1105,34.0,Female,UAE National,Yes
CUST1106,18.0,Female,Expat,No
CUST1107,30.0,Female,Expat,Yes
CUST1108,22.0,Female,Expat,No
CUST1109,32.0,Male,Expat,No
CUST1110,18.0,Female,Expat,No
CUST1111,28.0,Male,Expat,No
CUST1112,36.0,Female,Expat,No
CUST1113,45.0,Male,Expat,No
CUST1114,41.0,Female,Expat,No
CUST1115,33.0,Female,UAE National,Yes
CUST1116,45.0,Female,Expat,No
CUST1117,31.0,Female,Expat,No
CUST1118,29.0,Female,Expat,Yes
CUST1119,40.0,Female,Expat,No
CUST1120,34.0,Female,Expat,No
CUST1121,21.0,Male,Expat,No
CUST1122,18.0,Male,Expat,No
CUST1123,38.0,Female,Expat,No
CUST1124,24.0,Female,Expat,Yes
CUST1125,26.0,Female,Expat,Yes
CUST1126,32.0,Female,UAE National,Yes
CUST1127,35.0,Male,Expat,No
CUST1128,32.0,Female,Expat,No
CUST1129,25.0,Female,Expat,Yes
CUST1130,26.0,Male,Expat,No
CUST1131,26.0,Female,Expat,Yes
CUST1132,34.0,Female,Expat,No
CUST1133,35.0,Male,Expat,Yes
CUST1134,26.0,Male,Expat,No
CUST1135,29.0,Female,UAE National,Yes
CUST1136,26.0,Male,Expat,No
CUST1137,26.0,Male,Expat,No
CUST1138,31.0,Male,Expat,No
CUST1139,22.0,Female,Expat,No
CUST1140,41.0,Female,Expat,Yes
CUST1141,29.0,Male,Expat,Yes
CUST1142,51.0,Male,Expat,No
CUST1143,33.0,Female,Expat,No
CUST1144,32.0,Male,Expat,No
CUST1145,27.0,Female,Expat,Yes
CUST1146,19.0,Female,Expat,Yes
CUST1147,29.0,Male,Expat,Yes
CUST1148,25.0,Female,Expat,Yes
CUST1149,27.0,Female,Expat,Yes
CUST1150,34.0,Male,Expat,Yes
CUST1151,28.0,Male,Expat,No
CUST1152,26.0,Female,UAE National,Yes
CUST1153,30.0,Female,Expat,No
CUST1154,26.0,Female,Expat,Yes
CUST1155,22.0,Female,UAE National,No
CUST1156,37.0,Male,UAE National,No
CUST1157,20.0,Female,Expat,No
CUST1158,34.0,Female,UAE National,Yes
CUST1159,36.0,Female,Expat,No
CUST1160,39.0,Male,Expat,No
CUST1161,40.0,Male,UAE National,Yes
CUST1162,31.0,Female,Expat,Yes
CUST1163,25.0,Female,Expat,No
CUST1164,28.0,Female,UAE National,No
CUST1165,22.0,Female,Expat,Yes
CUST1166,23.0,Female,Expat,No
CUST1167,34.0,Female,Expat,No
CUST1168,48.0,Male,Expat,No
CUST1169,29.0,Female,Expat,No
CUST1170,36.0,Male,UAE National,Yes
CUST1171,,Female,Expat,Yes
CUST1172,,Male,Expat,No
CUST1173,37.0,Male,Expat,No
CUST1174,29.0,Female,UAE National,No
CUST1175,36.0,Male,Expat,Yes
CUST1176,25.0,Female,Expat,No
CUST1177,18.0,Female,Expat,No
CUST1178,31.0,Female,Expat,Yes
CUST1179,18.0,Female,Expat,No
CUST1180,32.0,Male,Expat,No
CUST1181,23.0,Female,Expat,No
CUST1182,47.0,Male,Expat,No
CUST1183,38.0,Male,Expat,Yes
CUST1184,35.0,Male,Expat,Yes
CUST1185,36.0,Male,Expat,No
CUST1186,33.0,Male,Expat,No
CUST1187,26.0,Female,Expat,No
CUST1188,,Female,Expat,Yes
CUST1189,18.0,Female,Expat,No
CUST1190,36.0,Female,Expat,No
CUST1191,31.0,Female,Expat,Yes
CUST1192,35.0,Male,Expat,Yes
CUST1193,19.0,Female,Expat,No
CUST1194,30.0,Male,Expat,No
CUST1195,35.0,Male,Expat,No
CUST1196,35.0,Male,Expat,Yes
CUST1197,23.0,Male,Expat,Yes
CUST1198,26.0,Male,Expat,No
CUST1199,27.0,Male,Expat,No
CUST1200,21.0,Male,Expat,Yes
CUST1201,35.0,Female,Expat,Yes
CUST1202,30.0,Male,UAE National,No
CUST1203,31.0,Male,Expat,No
CUST1204,27.0,Female,Expat,No
CUST1205,45.0,Female,UAE National,Yes
CUST1206,35.0,Male,Expat,Yes
CUST1207,33.0,Male,Expat,Yes
CUST1208,35.0,Female,Expat,No
CUST1209,35.0,Male,Expat,No
CUST1210,35.0,Female,Expat,Yes
CUST1211,23.0,Male,Expat,No
CUST1212,18.0,Female,Expat,Yes
CUST1213,28.0,Male,Expat,No
CUST1214,29.0,Male,Expat,No
CUST1215,33.0,Male,Expat,Yes
CUST1216,40.0,Male,Expat,No
CUST1217,34.0,Female,UAE National,No
CUST1218,29.0,Female,UAE National,No
CUST1219,43.0,Male,Expat,No
CUST1220,27.0,Male,Expat,No
CUST1221,,Male,Expat,No
CUST1222,,Male,Expat,No
CUST1223,,Male,Expat,No
CUST1224,37.0,Female,Expat,Yes
CUST1225,30.0,Female,Expat,No
CUST1226,37.0,Female,Expat,Yes
CUST1227,18.0,Male,Expat,Yes
CUST1228,44.0,Female,Expat,Yes
CUST1229,26.0,Male,Expat,No
CUST1230,42.0,Male,UAE National,Yes
CUST1231,28.0,Female,UAE National,Yes
CUST1232,42.0,Male,Expat,Yes
CUST1233,40.0,Female,UAE National,Yes
CUST1234,26.0,Male,Expat,No
CUST1235,23.0,Male,Expat,Yes
CUST1236,43.0,Male,Expat,No
CUST1237,28.0,Male,Expat,Yes
CUST1238,22.0,Male,Expat,Yes
CUST1239,34.0,Male,Expat,No
CUST1240,29.0,Male,UAE National,No
CUST1241,27.0,Female,UAE National,No
CUST1242,32.0,Female,Expat,Yes
CUST1243,27.0,Male,Expat,No
CUST1244,26.0,Female,Expat,Yes
CUST1245,40.0,Male,Expat,Yes
CUST1246,18.0,Male,UAE National,No
CUST1247,34.0,Female,Expat,No
CUST1248,26.0,Male,Expat,No
CUST1249,32.0,Male,Expat,No
CUST1250,37.0,Female,Expat,No
CUST1251,27.0,Male,Expat,No
CUST1252,37.0,Female,Expat,Yes
CUST1253,25.0,Male,Expat,No
CUST1254,37.0,Male,Expat,Yes
CUST1255,,Male,Expat,No
CUST1256,18.0,Female,Expat,Yes
CUST1257,25.0,Male,Expat,No
CUST1258,21.0,Male,Expat,Yes
CUST1259,44.0,Female,Expat,Yes
CUST1260,25.0,Male,Expat,Yes
CUST1261,29.0,Female,UAE National,Yes
CUST1262,36.0,Male,Expat,Yes
CUST1263,36.0,Male,Expat,No
CUST1264,39.0,Male,Expat,Yes
CUST1265,43.0,Male,Expat,Yes
CUST1266,22.0,Male,Expat,No
CUST1267,36.0,Female,Expat,No
CUST1268,40.0,Female,UAE National,Yes
CUST1269,21.0,Female,Expat,No
CUST1270,,Male,Expat,No
CUST1271,46.0,Female,UAE National,Yes
CUST1272,39.0,Male,UAE National,No
CUST1273,36.0,Female,Expat,Yes
CUST1274,37.0,Male,Expat,Yes
CUST1275,26.0,Male,UAE National,Yes
CUST1276,28.0,Female,Expat,No
CUST1277,,Female,Expat,No
CUST1278,39.0,Male,Expat,No
CUST1279,39.0,Male,Expat,Yes
CUST1280,25.0,Female,Expat,Yes
CUST1281,25.0,Female,Expat,Yes
CUST1282,37.0,Male,Expat,No
CUST1283,29.0,Male,Expat,No
CUST1284,18.0,Male,Expat,No
CUST1285,30.0,Male,Expat,Yes
CUST1286,,Male,Expat,No
CUST1287,29.0,Female,Expat,Yes
CUST1288,33.0,Female,Expat,Yes
CUST1289,32.0,Male,UAE National,No
CUST1290,25.0,Male,Expat,Yes
CUST1291,32.0,Female,Expat,Yes
CUST1292,23.0,Male,UAE National,No
CUST1293,29.0,Male,Expat,No
CUST1294,32.0,Female,Expat,No
CUST1295,33.0,Female,Expat,No
CUST1296,37.0,Female,Expat,No
CUST1297,22.0,Female,Expat,Yes
CUST1298,41.0,Male,Expat,No
CUST1299,22.0,Male,Expat,Yes
CUST1300,25.0,Male,Expat,No
CUST1301,34.0,Female,Expat,No
CUST1302,21.0,Female,Expat,Yes
CUST1303,25.0,Male,Expat,No
CUST1304,36.0,Female,UAE National,Yes
CUST1305,54.0,Male,Expat,Yes
CUST1306,20.0,Female,Expat,Yes
CUST1307,27.0,Male,Expat,Yes
CUST1308,31.0,Female,Expat,No
CUST1309,34.0,Male,UAE National,No
CUST1310,27.0,Female,Expat,Yes
CUST1311,40.0,Female,Expat,No
CUST1312,25.0,Male,Expat,No
CUST1313,,Female,Expat,No
CUST1314,28.0,Male,Expat,No
CUST1315,31.0,Male,Expat,No
CUST1316,40.0,Male,Expat,Yes
CUST1317,28.0,Male,Expat,No
CUST1318,18.0,Male,Expat,Yes
CUST1319,52.0,Female,Expat,No
CUST1320,26.0,Male,Expat,Yes
CUST1321,41.0,Female,Expat,Yes
CUST1322,50.0,Male,Expat,No
CUST1323,,Male,Expat,No
CUST1324,25.0,Female,Expat,No
CUST1325,23.0,Male,UAE National,No
CUST1326,25.0,Female,Expat,No
CUST1327,42.0,Female,Expat,Yes
CUST1328,18.0,Female,Expat,No
CUST1329,38.0,Female,Expat,Yes
CUST1330,38.0,Female,Expat,Yes
CUST1331,40.0,Male,Expat,Yes
CUST1332,18.0,Male,Expat,No
CUST1333,22.0,Female,Expat,Yes
CUST1334,31.0,Male,Expat,Yes
CUST1335,34.0,Male,Expat,No
CUST1336,18.0,Female,Expat,No
CUST1337,26.0,Female,Expat,No
CUST1338,44.0,Female,Expat,No
CUST1339,23.0,Female,Expat,Yes
CUST1340,33.0,Male,Expat,No
CUST1341,36.0,Male,Expat,No
CUST1342,18.0,Female,Expat,Yes
CUST1343,43.0,Female,Expat,Yes
CUST1344,25.0,Female,Expat,Yes
CUST1345,37.0,Male,Expat,No
CUST1346,,Male,UAE National,No
CUST1347,,Female,Expat,No
CUST1348,32.0,Female,Expat,No
CUST1349,25.0,Male,Expat,Yes
CUST1350,30.0,Male,Expat,No
CUST1351,22.0,Male,Expat,No
CUST1352,41.0,Male,Expat,Yes
CUST1353,34.0,Male,Expat,No
CUST1354,26.0,Female,Expat,No
CUST1355,39.0,Male,Expat,No
CUST1356,36.0,Female,UAE National,Yes
CUST1357,25.0,Female,Expat,No
CUST1358,33.0,Male,Expat,No
CUST1359,35.0,Female,Expat,No
CUST1360,27.0,Male,Expat,Yes
CUST1361,38.0,Male,Expat,No
CUST1362,33.0,Female,Expat,No
CUST1363,27.0,Male,Expat,Yes
CUST1364,34.0,Male,Expat,Yes
CUST1365,41.0,Male,Expat,No
CUST1366,,Female,Expat,No
CUST1367,,Male,Expat,No
CUST1368,32.0,Female,Expat,No
CUST1369,36.0,Female,Expat,No
CUST1370,43.0,Male,Expat,No
CUST1371,36.0,Male,Expat,No
CUST1372,22.0,Female,Expat,Yes
CUST1373,30.0,Female,Expat,Yes
CUST1374,34.0,Female,Expat,No
CUST1375,18.0,Female,Expat,No
CUST1376,26.0,Male,Expat,Yes
CUST1377,32.0,Female,Expat,No
CUST1378,36.0,Female,UAE National,Yes
CUST1379,32.0,Male,Expat,Yes
CUST1380,48.0,Female,Expat,Yes
CUST1381,36.0,Male,UAE National,No
CUST1382,18.0,Female,Expat,Yes
CUST1383,32.0,Male,UAE National,No
CUST1384,29.0,Female,UAE National,No
CUST1385,23.0,Male,Expat,Yes
CUST1386,23.0,Female,Expat,No
CUST1387,46.0,Male,Expat,Yes
CUST1388,32.0,Male,Expat,No
CUST1389,36.0,Male,Expat,Yes
CUST1390,36.0,Male,Expat,No
CUST1391,40.0,Female,Expat,No
CUST1392,24.0,Male,Expat,No
CUST1393,21.0,Female,UAE National,Yes
CUST1394,28.0,Female,UAE National,Yes
CUST1395,36.0,Male,Expat,No
CUST1396,27.0,Male,Expat,No
CUST1397,40.0,Male,Expat,No
CUST1398,34.0,Female,Expat,Yes
CUST1399,34.0,Female,Expat,Yes
CUST1400,18.0,Female,Expat,No
CUST1401,40.0,Female,UAE National,Yes
CUST1402,23.0,Female,Expat,Yes
CUST1403,29.0,Male,UAE National,No
CUST1404,42.0,Male,UAE National,No
CUST1405,22.0,Male,Expat,Yes
CUST1406,22.0,Female,Expat,No
CUST1407,34.0,Male,Expat,No
CUST1408,41.0,Male,Expat,No
CUST1409,27.0,Male,Expat,No
CUST1410,37.0,Male,Expat,No
CUST1411,38.0,Female,Expat,Yes
CUST1412,46.0,Female,Expat,No
CUST1413,20.0,Male,Expat,Yes
CUST1414,39.0,Female,Expat,Yes
CUST1415,24.0,Male,Expat,No
CUST1416,24.0,Male,Expat,No
CUST1417,31.0,Female,Expat,No
CUST1418,31.0,Female,Expat,Yes
CUST1419,32.0,Male,UAE National,No
CUST1420,42.0,Female,UAE National,No
CUST1421,35.0,Female,Expat,No
CUST1422,,Male,Expat,Yes
CUST1423,26.0,Female,Expat,Yes
CUST1424,26.0,Male,Expat,No
CUST1425,26.0,Female,Expat,Yes
CUST1426,33.0,Female,Expat,No
CUST1427,26.0,Female,Expat,No
CUST1428,19.0,Female,Expat,No
CUST1429,31.0,Female,Expat,No
CUST1430,39.0,Female,Expat,No
CUST1431,37.0,Female,UAE National,Yes
CUST1432,29.0,Female,Expat,No
CUST1433,,Female,Expat,Yes
CUST1434,32.0,Male,Expat,No
CUST1435,41.0,Male,Expat,No
CUST1436,25.0,Male,Expat,Yes
CUST1437,18.0,Female,UAE National,No
CUST1438,40.0,Female,UAE National,No
CUST1439,26.0,Male,Expat,No
CUST1440,35.0,Female,Expat,No
CUST1441,25.0,Female,Expat,Yes
CUST1442,26.0,Female,Expat,No
CUST1443,18.0,Male,Expat,Yes
CUST1444,25.0,Male,Expat,No
CUST1445,26.0,Male,UAE National,Yes
CUST1446,19.0,Male,Expat,Yes
CUST1447,22.0,Female,Expat,Yes
CUST1448,39.0,Male,Expat,No
CUST1449,27.0,Male,Expat,No
CUST1450,27.0,Female,UAE National,No
CUST1451,35.0,Female,UAE National,No
CUST1452,49.0,Male,Expat,No
CUST1453,32.0,Female,Expat,Yes
CUST1454,30.0,Male,Expat,No
CUST1455,34.0,Female,Expat,No
CUST1456,38.0,Female,UAE National,Yes
CUST1457,28.0,Male,Expat,No
CUST1458,36.0,Female,Expat,Yes
CUST1459,29.0,Male,Expat,No
CUST1460,29.0,Male,Expat,Yes
CUST1461,40.0,Male,Expat,No
CUST1462,32.0,Female,Expat,No
CUST1463,46.0,Female,Expat,No
CUST1464,27.0,Female,Expat,No
CUST1465,34.0,Female,Expat,No
CUST1466,,Female,Expat,No
CUST1467,30.0,Female,Expat,No
CUST1468,,Female,Expat,No
CUST1469,24.0,Male,Expat,No
CUST1470,39.0,Female,Expat,Yes
CUST1471,26.0,Male,Expat,Yes
CUST1472,31.0,Female,Expat,Yes
CUST1473,33.0,Female,Expat,No
CUST1474,32.0,Male,Expat,No
CUST1475,40.0,Male,Expat,No
CUST1476,33.0,Female,Expat,No
CUST1477,27.0,Female,Expat,No
CUST1478,36.0,Female,Expat,No
CUST1479,28.0,Male,Expat,No
CUST1480,32.0,Male,Expat,Yes
CUST1481,45.0,Female,Expat,No
CUST1482,30.0,Female,Expat,Yes
CUST1483,36.0,Male,Expat,No
CUST1484,35.0,Female,Expat,Yes
CUST1485,37.0,Male,Expat,Yes
CUST1486,31.0,Male,Expat,Yes
CUST1487,37.0,Male,Expat,Yes
CUST1488,,Male,Expat,No
CUST1489,31.0,Male,Expat,No
CUST1490,28.0,Female,Expat,No
CUST1491,41.0,Male,Expat,No
CUST1492,32.0,Male,Expat,No
CUST1493,31.0,Female,Expat,No
CUST1494,34.0,Female,Expat,Yes
CUST1495,34.0,Female,Expat,Yes
CUST1496,27.0,Female,Expat,No
CUST1497,27.0,Male,Expat,No
CUST1498,40.0,Female,Expat,Yes
CUST1499,,Male,Expat,Yes
CUST1500,33.0,Male,Expat,Yes
CUST1501,21.0,Female,Expat,Yes
CUST1502,31.0,Male,UAE National,Yes
CUST1503,39.0,Male,Expat,No
CUST1504,23.0,Male,Expat,Yes
CUST1505,23.0,Male,Expat,No
CUST1506,24.0,Female,Expat,Yes
CUST1507,34.0,Female,UAE National,Yes
CUST1508,25.0,Female,Expat,No
CUST1509,32.0,Female,Expat,No
CUST1510,44.0,Female,Expat,No
CUST1511,32.0,Female,UAE National,No
CUST1512,26.0,Male,UAE National,Yes
CUST1513,24.0,Female,Expat,Yes
CUST1514,35.0,Female,Expat,Yes
CUST1515,25.0,Male,Expat,No
CUST1516,38.0,Female,Expat,Yes
CUST1517,42.0,Female,Expat,Yes
CUST1518,27.0,Female,Expat,Yes
CUST1519,31.0,Female,UAE National,No
CUST1520,36.0,Male,Expat,Yes
CUST1521,30.0,Female,Expat,Yes
CUST1522,42.0,Male,UAE National,Yes
CUST1523,27.0,Female,Expat,Yes
CUST1524,34.0,Female,Expat,No
CUST1525,38.0,Female,Expat,Yes
CUST1526,20.0,Male,Expat,Yes
CUST1527,42.0,Male,Expat,No
CUST1528,29.0,Male,Expat,Yes
CUST1529,29.0,Female,Expat,No
CUST1530,24.0,Female,Expat,No
CUST1531,43.0,Male,Expat,No
CUST1532,29.0,Male,Expat,No
CUST1533,38.0,Female,Expat,No
CUST1534,33.0,Female,Expat,Yes
CUST1535,27.0,Male,Expat,Yes
CUST1536,27.0,Female,Expat,No
CUST1537,29.0,Male,Expat,No
CUST1538,35.0,Female,Expat,Yes
CUST1539,30.0,Female,UAE National,Yes
CUST1540,40.0,Female,Expat,No
CUST1541,32.0,Male,Expat,Yes
CUST1542,30.0,Male,Expat,Yes
CUST1543,36.0,Male,Expat,Yes
CUST1544,36.0,Female,UAE National,No
CUST1545,44.0,Female,Expat,Yes
CUST1546,37.0,Male,Expat,No
CUST1547,25.0,Male,Expat,Yes
CUST1548,27.0,Female,UAE National,Yes
CUST1549,18.0,Male,UAE National,No
CUST1550,27.0,Female,Expat,No
CUST1551,40.0,Male,Expat,Yes
CUST1552,33.0,Male,Expat,No
CUST1553,,Female,Expat,No
CUST1554,36.0,Male,Expat,Yes
CUST1555,27.0,Male,Expat,No
CUST1556,47.0,Male,Expat,No
CUST1557,34.0,Female,Expat,Yes
CUST1558,44.0,Female,Expat,No
CUST1559,24.0,Female,Expat,No
CUST1560,18.0,Male,Expat,No
CUST1561,23.0,Female,Expat,Yes
CUST1562,30.0,Female,Expat,Yes
CUST1563,38.0,Male,UAE National,No
CUST1564,,Male,Expat,Yes
CUST1565,22.0,Male,Expat,No
CUST1566,18.0,Female,Expat,No
CUST1567,38.0,Male,Expat,No
CUST1568,40.0,Female,Expat,No
CUST1569,27.0,Male,Expat,No
CUST1570,38.0,Female,UAE National,Yes
CUST1571,29.0,Female,Expat,No
CUST1572,22.0,Male,Expat,No
CUST1573,29.0,Female,Expat,No
CUST1574,37.0,Male,Expat,No
CUST1575,18.0,Female,Expat,No
CUST1576,,Male,UAE National,No
CUST1577,18.0,Male,UAE National,Yes
CUST1578,33.0,Male,Expat,Yes
CUST1579,51.0,Male,Expat,No
CUST1580,42.0,Male,Expat,Yes
CUST1581,32.0,Female,Expat,No
CUST1582,32.0,Male,Expat,No
CUST1583,30.0,Male,Expat,No
CUST1584,52.0,Male,Expat,No
CUST1585,,Male,Expat,No
CUST1586,30.0,Female,Expat,No
CUST1587,25.0,Female,Expat,Yes
CUST1588,36.0,Male,Expat,No
CUST1589,30.0,Male,Expat,Yes
CUST1590,31.0,Male,Expat,Yes
CUST1591,27.0,Female,UAE National,Yes
CUST1592,31.0,Male,Expat,Yes
CUST1593,45.0,Male,UAE National,No
CUST1594,31.0,Male,Expat,No
CUST1595,19.0,Male,Expat,Yes
CUST1596,26.0,Male,Expat,No
CUST1597,27.0,Male,Expat,Yes
CUST1598,41.0,Female,Expat,Yes
CUST1599,30.0,Male,Expat,Yes
CUST1600,45.0,Male,Expat,Yes
CUST1601,46.0,Female,Expat,Yes
CUST1602,33.0,Male,Expat,No
CUST1603,,Male,UAE National,No
CUST1604,29.0,Female,Expat,No
CUST1605,26.0,Male,Expat,No
CUST1606,49.0,Male,Expat,Yes
CUST1607,38.0,Male,Expat,No
CUST1608,31.0,Male,Expat,Yes
CUST1609,33.0,Female,Expat,No
CUST1610,41.0,Male,Expat,Yes
CUST1611,42.0,Male,UAE National,Yes
CUST1612,18.0,Female,Expat,No
CUST1613,33.0,Female,Expat,No
CUST1614,23.0,Male,Expat,No
CUST1615,34.0,Male,Expat,Yes
CUST1616,,Male,Expat,Yes
CUST1617,38.0,Male,UAE National,No
CUST1618,24.0,Female,Expat,No
CUST1619,27.0,Female,Expat,Yes
CUST1620,31.0,Male,Expat,No
CUST1621,30.0,Female,Expat,No
CUST1622,29.0,Female,Expat,No
CUST1623,29.0,Female,Expat,No
CUST1624,31.0,Female,Expat,No
CUST1625,27.0,Female,UAE National,Yes
CUST1626,30.0,Male,Expat,No
CUST1627,38.0,Male,Expat,No
CUST1628,33.0,Male,Expat,Yes
CUST1629,35.0,Female,UAE National,Yes
CUST1630,40.0,Female,Expat,No
CUST1631,38.0,Female,Expat,No
CUST1632,30.0,Male,Expat,Yes
CUST1633,27.0,Male,Expat,No
CUST1634,41.0,Female,Expat,No
CUST1635,28.0,Female,UAE National,Yes
CUST1636,26.0,Male,UAE National,No
CUST1637,23.0,Female,Expat,No
CUST1638,,Male,Expat,No
CUST1639,30.0,Female,Expat,No
CUST1640,29.0,Male,Expat,Yes
CUST1641,32.0,Male,Expat,No
CUST1642,26.0,Female,Expat,No
CUST1643,45.0,Male,Expat,No
CUST1644,,Male,Expat,Yes
CUST1645,26.0,Female,Expat,No
CUST1646,33.0,Male,Expat,No
CUST1647,31.0,Female,Expat,No
CUST1648,42.0,Female,Expat,No
CUST1649,34.0,Male,Expat,No
CUST1650,25.0,Female,Expat,No
CUST1651,31.0,Male,Expat,No
CUST1652,33.0,Female,Expat,Yes
CUST1653,42.0,Female,UAE National,No
CUST1654,41.0,Female,Expat,Yes
CUST1655,31.0,Male,Expat,Yes
CUST1656,30.0,Male,Expat,Yes
CUST1657,44.0,Female,Expat,Yes
CUST1658,,Male,UAE National,Yes
CUST1659,21.0,Female,UAE National,No
CUST1660,31.0,Male,Expat,No
CUST1661,24.0,Female,UAE National,Yes
CUST1662,39.0,Female,Expat,Yes
CUST1663,31.0,Male,Expat,No
CUST1664,23.0,Female,Expat,Yes
CUST1665,30.0,Female,Expat,No
CUST1666,39.0,Female,Expat,Yes
CUST1667,29.0,Male,UAE National,No
CUST1668,37.0,Male,UAE National,No
CUST1669,,Female,Expat,No
CUST1670,18.0,Female,Expat,Yes
CUST1671,36.0,Female,Expat,No
CUST1672,25.0,Male,Expat,Yes
CUST1673,33.0,Female,Expat,No
CUST1674,27.0,Female,Expat,Yes
CUST1675,29.0,Male,UAE National,No
CUST1676,38.0,Female,Expat,Yes
CUST1677,33.0,Male,Expat,No
CUST1678,29.0,Male,Expat,Yes
CUST1679,32.0,Male,Expat,No
CUST1680,47.0,Male,Expat,No
CUST1681,50.0,Female,Expat,No
CUST1682,52.0,Male,UAE National,Yes
CUST1683,31.0,Male,Expat,No
CUST1684,42.0,Male,Expat,Yes
CUST1685,27.0,Female,Expat,Yes
CUST1686,31.0,Female,Expat,No
CUST1687,44.0,Male,Expat,Yes
CUST1688,25.0,Male,Expat,No
CUST1689,26.0,Male,Expat,Yes
CUST1690,18.0,Female,Expat,No
CUST1691,36.0,Female,Expat,No
CUST1692,40.0,Male,Expat,No
CUST1693,33.0,Female,Expat,Yes
CUST1694,18.0,Female,Expat,No
CUST1695,24.0,Male,Expat,No
CUST1696,25.0,Female,UAE National,No
CUST1697,22.0,Female,UAE National,No
CUST1698,47.0,Male,Expat,Yes
CUST1699,34.0,Female,Expat,Yes
CUST1700,19.0,Male,Expat,Yes
CUST1701,22.0,Male,Expat,Yes
CUST1702,21.0,Female,Expat,No
CUST1703,18.0,Female,UAE National,Yes
CUST1704,38.0,Female,Expat,Yes
CUST1705,44.0,Female,Expat,Yes
CUST1706,25.0,Female,Expat,No
CUST1707,37.0,Male,Expat,No
CUST1708,,Male,Expat,Yes
CUST1709,27.0,Male,Expat,No
CUST1710,23.0,Male,Expat,Yes
CUST1711,26.0,Female,Expat,No
CUST1712,26.0,Male,Expat,Yes
CUST1713,34.0,Female,Expat,No
CUST1714,31.0,Male,Expat,Yes
CUST1715,22.0,Female,Expat,No
CUST1716,24.0,Male,Expat,No
CUST1717,43.0,Female,Expat,Yes
CUST1718,23.0,Female,Expat,No
CUST1719,18.0,Male,Expat,No
CUST1720,24.0,Female,Expat,Yes
CUST1721,28.0,Female,Expat,No
CUST1722,18.0,Male,Expat,No
CUST1723,,Female,Expat,No
CUST1724,35.0,Female,Expat,Yes
CUST1725,44.0,Female,Expat,Yes
CUST1726,33.0,Male,Expat,No
CUST1727,39.0,Male,Expat,Yes
CUST1728,18.0,Male,Expat,Yes
CUST1729,31.0,Male,Expat,Yes
CUST1730,23.0,Male,Expat,No
CUST1731,31.0,Male,UAE National,No
CUST1732,37.0,Female,Expat,No
CUST1733,36.0,Female,Expat,No
CUST1734,46.0,Female,Expat,No
CUST1735,,Female,Expat,Yes
CUST1736,39.0,Male,Expat,Yes
CUST1737,,Female,Expat,Yes
CUST1738,35.0,Female,Expat,No
CUST1739,25.0,Female,Expat,Yes
CUST1740,32.0,Female,Expat,No
CUST1741,40.0,Male,Expat,No
CUST1742,35.0,Male,UAE National,Yes
CUST1743,40.0,Female,Expat,Yes
CUST1744,28.0,Male,Expat,Yes
CUST1745,27.0,Female,UAE National,No
CUST1746,27.0,Female,Expat,No
CUST1747,34.0,Female,Expat,No
CUST1748,34.0,Male,Expat,Yes
CUST1749,30.0,Female,Expat,No
CUST1750,42.0,Male,Expat,Yes
CUST1751,42.0,Female,Expat,No
CUST1752,27.0,Male,UAE National,Yes
CUST1753,31.0,Female,Expat,No
CUST1754,,Female,Expat,Yes
CUST1755,38.0,Female,Expat,No
CUST1756,31.0,Female,Expat,No
CUST1757,31.0,Male,Expat,No
CUST1758,33.0,Male,Expat,No
CUST1759,24.0,Male,Expat,Yes
CUST1760,39.0,Male,Expat,No
CUST1761,40.0,Male,Expat,No
CUST1762,34.0,Male,Expat,No
CUST1763,39.0,Female,Expat,Yes
CUST1764,36.0,Male,Expat,No
CUST1765,34.0,Female,UAE National,Yes
CUST1766,19.0,Male,Expat,No
CUST1767,30.0,Male,Expat,Yes
CUST1768,,Female,Expat,Yes
CUST1769,,Male,Expat,No
CUST1770,41.0,Female,Expat,Yes
CUST1771,32.0,Male,Expat,No
CUST1772,26.0,Female,Expat,Yes
CUST1773,27.0,Female,Expat,Yes
CUST1774,39.0,Male,Expat,Yes
CUST1775,37.0,Male,Expat,No
CUST1776,43.0,Male,Expat,No
CUST1777,25.0,Male,Expat,Yes
CUST1778,29.0,Male,Expat,No
CUST1779,22.0,Male,UAE National,Yes
CUST1780,35.0,Female,Expat,No
CUST1781,37.0,Female,Expat,No
CUST1782,39.0,Female,Expat,No
CUST1783,39.0,Male,UAE National,Yes
CUST1784,21.0,Male,UAE National,Yes
CUST1785,36.0,Female,Expat,Yes
CUST1786,25.0,Female,Expat,No
CUST1787,28.0,Male,UAE National,No
CUST1788,29.0,Female,Expat,No
CUST1789,22.0,Male,Expat,Yes
CUST1790,37.0,Male,Expat,No
CUST1791,27.0,Male,Expat,No
CUST1792,18.0,Female,UAE National,Yes
CUST1793,38.0,Male,Expat,Yes
CUST1794,18.0,Female,UAE National,Yes
CUST1795,34.0,Male,UAE National,No
CUST1796,26.0,Male,Expat,No
CUST1797,33.0,Female,Expat,Yes
CUST1798,35.0,Male,Expat,Yes
CUST1799,42.0,Male,Expat,Yes
CUST1800,29.0,Female,Expat,No
CUST1801,42.0,Male,Expat,No
CUST1802,21.0,Male,Expat,No
CUST1803,39.0,Male,Expat,No
CUST1804,31.0,Female,Expat,No
CUST1805,40.0,Female,Expat,No
CUST1806,41.0,Male,UAE National,No
CUST1807,30.0,Male,Expat,No
CUST1808,33.0,Female,UAE National,Yes
CUST1809,18.0,Female,Expat,Yes
CUST1810,18.0,Female,Expat,No
CUST1811,33.0,Male,UAE National,No
CUST1812,31.0,Female,Expat,Yes
CUST1813,33.0,Female,Expat,No
CUST1814,37.0,Female,Expat,No
CUST1815,43.0,Male,Expat,Yes
CUST1816,20.0,Female,Expat,Yes
CUST1817,45.0,Female,Expat,Yes
CUST1818,19.0,Female,Expat,No
CUST1819,26.0,Female,Expat,No
CUST1820,25.0,Female,UAE National,No
CUST1821,28.0,Male,Expat,No
CUST1822,34.0,Male,UAE National,Yes
CUST1823,29.0,Male,Expat,No
CUST1824,28.0,Male,Expat,Yes
CUST1825,32.0,Male,Expat,No
CUST1826,32.0,Male,Expat,No
CUST1827,29.0,Male,Expat,Yes
CUST1828,30.0,Female,Expat,No
CUST1829,41.0,Male,UAE National,No
CUST1830,31.0,Female,Expat,No
CUST1831,42.0,Female,Expat,Yes
CUST1832,20.0,Male,Expat,No
CUST1833,42.0,Male,UAE National,No
CUST1834,31.0,Female,Expat,No
CUST1835,45.0,Male,UAE National,No
CUST1836,20.0,Male,Expat,Yes
CUST1837,26.0,Male,Expat,No
CUST1838,26.0,Male,Expat,No
CUST1839,29.0,Male,Expat,No
CUST1840,40.0,Male,Expat,Yes
CUST1841,22.0,Female,Expat,No
CUST1842,50.0,Male,Expat,No
CUST1843,45.0,Female,Expat,Yes
CUST1844,28.0,Female,Expat,No
CUST1845,37.0,Male,Expat,No
CUST1846,21.0,Female,Expat,Yes
CUST1847,27.0,Female,UAE National,No
CUST1848,47.0,Male,Expat,No
CUST1849,31.0,Female,Expat,No
CUST1850,33.0,Female,Expat,No
CUST1851,45.0,Female,Expat,No
CUST1852,28.0,Male,Expat,Yes
CUST1853,34.0,Female,Expat,Yes
CUST1854,30.0,Male,UAE National,No
CUST1855,23.0,Female,Expat,Yes
CUST1856,32.0,Male,Expat,No
CUST1857,26.0,Female,Expat,Yes
CUST1858,37.0,Female,Expat,No
CUST1859,36.0,Female,Expat,Yes
CUST1860,18.0,Male,UAE National,No
CUST1861,24.0,Male,Expat,No
CUST1862,33.0,Male,Expat,No
CUST1863,39.0,Female,Expat,No
CUST1864,37.0,Male,Expat,No
CUST1865,22.0,Male,Expat,No
CUST1866,25.0,Female,Expat,No
CUST1867,26.0,Male,Expat,Yes
CUST1868,26.0,Female,Expat,Yes
CUST1869,21.0,Male,Expat,Yes
CUST1870,22.0,Female,Expat,No
CUST1871,,Male,Expat,Yes
CUST1872,28.0,Male,Expat,No
CUST1873,32.0,Male,Expat,Yes
CUST1874,28.0,Male,Expat,No
CUST1875,41.0,Female,Expat,No
CUST1876,35.0,Female,Expat,Yes
CUST1877,36.0,Male,Expat,No
CUST1878,33.0,Female,Expat,No
CUST1879,22.0,Male,Expat,Yes
CUST1880,32.0,Female,UAE National,No
CUST1881,29.0,Male,Expat,No
CUST1882,18.0,Female,Expat,No
CUST1883,48.0,Male,Expat,No
CUST1884,31.0,Female,Expat,Yes
CUST1885,44.0,Female,Expat,Yes
CUST1886,23.0,Male,UAE National,No
CUST1887,34.0,Female,Expat,Yes
CUST1888,38.0,Male,Expat,No
CUST1889,27.0,Female,UAE National,No
CUST1890,27.0,Male,Expat,No
CUST1891,35.0,Male,Expat,Yes
CUST1892,36.0,Male,Expat,Yes
CUST1893,29.0,Male,Expat,Yes
CUST1894,41.0,Male,Expat,Yes
CUST1895,27.0,Female,Expat,Yes
CUST1896,34.0,Female,Expat,Yes
CUST1897,40.0,Female,Expat,Yes
CUST1898,28.0,Female,Expat,No
CUST1899,34.0,Female,Expat,No
CUST1900,32.0,Male,Expat,Yes
CUST1901,37.0,Female,Expat,No
CUST1902,41.0,Male,Expat,No
CUST1903,31.0,Male,Expat,Yes
CUST1904,19.0,Female,Expat,No
CUST1905,35.0,Male,Expat,Yes
CUST1906,24.0,Male,Expat,No
CUST1907,27.0,Male,Expat,Yes
CUST1908,49.0,Female,Expat,Yes
CUST1909,46.0,Female,Expat,No
CUST1910,25.0,Male,Expat,No
CUST1911,25.0,Female,Expat,Yes
CUST1912,31.0,Female,Expat,No
CUST1913,29.0,Female,Expat,No
CUST1914,29.0,Female,Expat,No
CUST1915,35.0,Female,Expat,No
CUST1916,31.0,Female,Expat,Yes
CUST1917,21.0,Female,Expat,No
CUST1918,37.0,Female,UAE National,No
CUST1919,30.0,Female,Expat,No
CUST1920,28.0,Male,Expat,Yes
CUST1921,33.0,Female,Expat,No
CUST1922,32.0,Male,Expat,Yes
CUST1923,43.0,Female,Expat,Yes
CUST1924,33.0,Male,Expat,Yes
CUST1925,44.0,Male,Expat,Yes
CUST1926,33.0,Male,Expat,No
CUST1927,36.0,Female,Expat,Yes
CUST1928,34.0,Female,Expat,Yes
CUST1929,35.0,Male,Expat,No
CUST1930,32.0,Female,Expat,No
CUST1931,36.0,Female,Expat,Yes
CUST1932,26.0,Female,Expat,No
CUST1933,35.0,Male,Expat,Yes
CUST1934,21.0,Male,Expat,No
CUST1935,26.0,Female,Expat,No
CUST1936,,Female,Expat,Yes
CUST1937,27.0,Male,Expat,No
CUST1938,33.0,Male,Expat,No
CUST1939,28.0,Male,Expat,Yes
CUST1940,28.0,Male,Expat,Yes
CUST1941,36.0,Female,Expat,Yes
CUST1942,36.0,Female,Expat,Yes
CUST1943,41.0,Male,Expat,No
CUST1944,36.0,Male,Expat,Yes
CUST1945,28.0,Female,Expat,Yes
CUST1946,35.0,Female,Expat,No
CUST1947,26.0,Female,UAE National,No
CUST1948,34.0,Male,Expat,Yes
CUST1949,31.0,Female,Expat,Yes
CUST1950,26.0,Female,Expat,Yes
CUST1951,28.0,Male,Expat,Yes
CUST1952,35.0,Female,Expat,Yes
CUST1953,24.0,Male,Expat,Yes
CUST1954,36.0,Female,Expat,No
CUST1955,42.0,Female,Expat,No
CUST1956,18.0,Female,Expat,Yes
CUST1957,35.0,Male,Expat,No
CUST1958,40.0,Female,UAE National,No
CUST1959,32.0,Male,UAE National,No
CUST1960,24.0,Female,Expat,No
CUST1961,37.0,Male,Expat,Yes
CUST1962,39.0,Male,Expat,Yes
CUST1963,31.0,Female,Expat,No
CUST1964,30.0,Male,Expat,No
CUST1965,29.0,Female,Expat,No
CUST1966,29.0,Male,Expat,No
CUST1967,35.0,Female,Expat,Yes
CUST1968,32.0,Male,Expat,No
CUST1969,49.0,Female,Expat,No
CUST1970,41.0,Female,Expat,Yes
CUST1971,35.0,Male,Expat,No
CUST1972,28.0,Male,Expat,No
CUST1973,40.0,Male,Expat,No
CUST1974,33.0,Male,UAE National,No
CUST1975,36.0,Male,Expat,Yes
CUST1976,30.0,Female,UAE National,No
CUST1977,33.0,Male,Expat,Yes
CUST1978,28.0,Male,Expat,No
CUST1979,27.0,Female,Expat,No
CUST1980,42.0,Male,Expat,Yes
CUST1981,27.0,Female,Expat,No
CUST1982,41.0,Female,Expat,Yes
CUST1983,33.0,Female,Expat,No
CUST1984,34.0,Female,Expat,Yes
CUST1985,56.0,Male,Expat,Yes
CUST1986,37.0,Female,Expat,Yes
CUST1987,24.0,Male,UAE National,Yes
CUST1988,18.0,Female,Expat,No
CUST1989,18.0,Male,Expat,No
CUST1990,32.0,Male,Expat,Yes
CUST1991,24.0,Female,Expat,No
CUST1992,25.0,Male,Expat,No
CUST1993,,Male,Expat,Yes
CUST1994,32.0,Male,Expat,No
CUST1995,34.0,Female,Expat,No
CUST1996,38.0,Female,Expat,No
CUST1997,33.0,Female,Expat,No
CUST1998,28.0,Female,UAE National,No
CUST1999,33.0,Female,Expat,No
CUST2000,18.0,Female,Expat,Yes
